sequence_id	sequence	sequence_aa	rev_comp	productive	vj_in_frame	stop_codon	complete_vdj	locus	v_call	d_call	d2_call	j_call	c_call	sequence_alignment	sequence_alignment_aa	germline_alignment	germline_alignment_aa	junction	junction_aa	np1	np1_aa	np2	np2_aa	np3	np3_aa	cdr1	cdr1_aa	cdr2	cdr2_aa	cdr3	cdr3_aa	fwr1	fwr1_aa	fwr2	fwr2_aa	fwr3	fwr3_aa	fwr4	fwr4_aa	v_score	v_identity	v_support	v_cigar	d_score	d_identity	d_support	d_cigar	d2_score	d2_identity	d2_support	d2_cigar	j_score	j_identity	j_support	j_cigar	c_score	c_identity	c_support	c_cigar	v_sequence_start	v_sequence_end	v_germline_start	v_germline_end	v_alignment_start	v_alignment_end	d_sequence_start	d_sequence_end	d_germline_start	d_germline_end	d_alignment_start	d_alignment_end	d2_sequence_start	d2_sequence_end	d2_germline_start	d2_germline_end	d2_alignment_start	d2_alignment_end	j_sequence_start	j_sequence_end	j_germline_start	j_germline_end	j_alignment_start	j_alignment_end	cdr1_start	cdr1_end	cdr2_start	cdr2_end	cdr3_start	cdr3_end	fwr1_start	fwr1_end	fwr2_start	fwr2_end	fwr3_start	fwr3_end	fwr4_start	fwr4_end	v_sequence_alignment	v_sequence_alignment_aa	d_sequence_alignment	d_sequence_alignment_aa	d2_sequence_alignment	d2_sequence_alignment_aa	j_sequence_alignment	j_sequence_alignment_aa	c_sequence_alignment	c_sequence_alignment_aa	v_germline_alignment	v_germline_alignment_aa	d_germline_alignment	d_germline_alignment_aa	d2_germline_alignment	d2_germline_alignment_aa	j_germline_alignment	j_germline_alignment_aa	c_germline_alignment	c_germline_alignment_aa	junction_length	junction_aa_length	np1_length	np2_length	np3_length	n1_length	n2_length	n3_length	p3v_length	p5d_length	p3d_length	p5d2_length	p3d2_length	p5j_length	consensus_count	duplicate_count	cell_id	clone_id	rearrangement_id	repertoire_id	sample_processing_id	data_processing_id	germline_database	rearrangement_set_id
609d95a69a878b4751a7b475	GTATATGTCCTGGTACCGACAAGACCCAGGCATGGGGCTGAGGCTGATTCATTACTCAGTTGGTGCTGGTATCACTGACCAAGGAGAAGTCCCCAATGGCTACAACGTCTCCAGATCCACCACAGAGGATTTCCCGCTCAGGCTGGAGTTGGCTGCTCCCTCCCAGACACCTGTGTACTTCTGTGCCAGAAGTTAAGGTCGCGGAGCAGTACTTCGGGCCGGGCACCAGACTGACGGTGACAGGTATC			T				TRB	TRBV6-5*00			TRBJ2-7*00						TGTGCCAGAAGTTAAGGTCGCGGAGCAGTACTTC	CARS*G_AEQYF																					844												158																																																																		34	12																		5efbc70e5f94cb6215deec8c	5efbc70e5f94cb6215deec8c	5efbc70e5f94cb6215deec8c		
609d95a69a878b4751a7b476	AACCCTTTATTGGTACCGACAGACCATGATGCGGGGACTGGAGTTGCTCATTTACTTTAACAACAACGTTCCGATAGATGATTCAGGGATGCCCGAGGATCGATTCTCAGCTAAGATGCCTAATGCATCATTCTCCACTCTGAAGATCCAGCCCTCAGAACCCAGGGACTCAGCTGTGTACTTCTGTGCCAGCAGTTGGTATCAGGGTGGGGAGCTGTTTTTTGGAGAAGGCTCTAGGCTGACCGTGCTGGCTGAG			T				TRB	TRBV12-3*00			TRBJ2-2*00						TGTGCCAGCAGTTGGTATCAGGGTGGGGAGCTGTTTTTT	CASSWYQGGELFF																					933												201																																																																		39	13																		5efbc70e5f94cb6215deec8c	5efbc70e5f94cb6215deec8c	5efbc70e5f94cb6215deec8c		
609d95a69a878b4751a7b477	CAACCTATACTGGTACAGACAGGACCCAGGGCAAGGGCTGAGATTGATCTACTACTCACAGATAGTAAATGACTTTCAGAAAGGAGATATAGCTGAAGGGTACAGCGTCTCTCGGGAGAAGAAGGAATCCTTTCCTCTCACTGTGACATCGGCCCAAAAGAACCCGACAGCTTTCTATCTCTGTGCCACTAGCGGGAGGGACACCGGGGAGCTGTTTTTTGGAGAAGGCTCTAGGCTGACCGTACTGGGTAAT			T				TRB	TRBV19*00	TRBD2*00		TRBJ2-2*00						TGTGCCACTAGCGGGAGGGACACCGGGGAGCTGTTTTTT	CATSGRDTGELFF																					897				40								240																																																																		39	13																		5efbc70e5f94cb6215deec8c	5efbc70e5f94cb6215deec8c	5efbc70e5f94cb6215deec8c		
609d95a69a878b4751a7b478	ATCCCTTTATTGGTACCGACAGGACCCAGGGCAAGGGCTGAGATTGATCTACTACTCACAGATAGTAAATGACTTTCAGAAAGGAGATATAGCTGAAGGGTACAGCGTCTCTCGGGAGAAGAAGGAATCCTTTCCTCTCACTGTGACATCGGCCCAAAAGAACCCGACAGCTTTCTATCTCTGTGCCAGTAGTATAGAGGGACAGCTTAGCACAGATACGCAGTATTTTGGCCCAGGCACCCGGCTGACAGTGCTGGGTAAGCTGT			T				TRB	TRBV19*00	TRBD1*00		TRBJ2-3*00						TGTGCCAGTAGTATAGAGGGACAGCTTAGCACAGATACGCAGTATTTT	CASSIEGQLSTDTQYF																					941				35								236																																																																		48	16																		5efbc70e5f94cb6215deec8c	5efbc70e5f94cb6215deec8c	5efbc70e5f94cb6215deec8c		
609d95a69a878b4751a7b479	AACCCTTTATTGGTACCGACAGGACCCAGGGCAAGGGCTGAGATTGATCTACTACTCACAGATAGTAAATGACTTTCAGAAAGGAGATATAGCTGAAGGGTACAGCGTCTCTCAGGAGAAGAAGGAATCCTTTCCTCTCACTGTGACATCGGCCCAAAAGAACCCGACAGCTTTCTATCTCTGTGCCAGTAGTATAGACGGCAGAAGCACAGATACGCAGTATTTTGGCCCAGGCACCCGGCTGACCGTACTGGGTAAC			T				TRB	TRBV19*00			TRBJ2-3*00						TGTGCCAGTAGTATAGACGGCAGAAGCACAGATACGCAGTATTTT	CASSIDGRSTDTQYF																					927												203																																																																		45	15																		5efbc70e5f94cb6215deec8c	5efbc70e5f94cb6215deec8c	5efbc70e5f94cb6215deec8c		
609d95a69a878b4751a7b47a	CAAAATGTACTGGTACCGACAGGACCCAGGGCAAGGGCTGAGATTGATCTACTACTCACAGATAGTAAATGACTTTCAGAAAGGAGATATAGCTGAAGGGTACAGCGTCTCTCGGGAGAAGAAGGAATCCTTTCCTCTCACTGTGACATCGGCCCAAAAGAACCCGACAGCTTTCTATCTCTGTGCCAGTAGTATAGAGGGACAGCTTAGCACAGATACGCAGTATTTTGGCCCAGGCACCCGGCTGACAGTGCTGGGTAAGCTGT			T				TRB	TRBV19*00	TRBD1*00		TRBJ2-3*00						TGTGCCAGTAGTATAGAGGGACAGCTTAGCACAGATACGCAGTATTTT	CASSIEGQLSTDTQYF																					970				35								236																																																																		48	16																		5efbc70e5f94cb6215deec8c	5efbc70e5f94cb6215deec8c	5efbc70e5f94cb6215deec8c		
609d95a69a878b4751a7b47b	TGCCATGTACTGGTATCGACAAGACCCAGGCATGGGGCTGAAGCTGATTTATTATTCAGTTGGTGCTGGTATCACTGACAAAGGAGAAGTCCCGAATGGCTACAACGTCTCCAGATCAACCACAGAGGATTTCCCGCTCACGCTGGAGTTGGCTGCTCCCTCCCAGACATCTGTGTACTTCTGTGCCAGCAGACCCGGAAGCTCTGGGGCCAACGTCCTGACTTTCGGGGCCGGCAGCAGGCTGACCGTACTGGGTAAA			T				TRB	TRBV6-6*00			TRBJ2-6*00						TGTGCCAGCAGACCCGGAAGCTCTGGGGCCAACGTCCTGACTTTC	CASRPGSSGANVLTF																					917												261																																																																		45	15																		5efbc70e5f94cb6215deec8c	5efbc70e5f94cb6215deec8c	5efbc70e5f94cb6215deec8c		
609d95a69a878b4751a7b47c	GTATATGTCCTGGTATCGACAAGACCCAGGCATGGGGCGGAGGCTGATTCATTACTCAATTGGTGCTGGTATCACTGACCAAGGAGAAGTCCCCAATGGCTACAATGTCTCCAGATTAAAAAAACAGAATTTCCTGCTGAGGTTGGAGTCGGCTGCTCCCTCCCAAACATCTGTGTACTTCTGTGCCAGCAGTTACTCTGGGGGGGATGAGCAGTTCTTCGGGCCAGGGACACGACTCTCCATCCTAGGTAAG			T				TRB	TRBV6-2*00			TRBJ2-1*00						TGTGCCAGCAGTTACTCTGGGGGGGATGAGCAGTTCTTC	CASSYSGGDEQFF																					789												154																																																																		39	13																		5efbc70e5f94cb6215deec8c	5efbc70e5f94cb6215deec8c	5efbc70e5f94cb6215deec8c		
609d95a69a878b4751a7b47d	AACCCTTTATTGGTACCGACAGGCCCTGGGTCAGGGGCCCCAGTTTATCTTTCAGTATTATGAGGAGGAAGAGAGACAGAGAGGCAACTTCCCTGATCGATTCTCAGGTCACCAGTTCCCTAACTATAGCTCTGAGCTGAATGTGAACGCCTTGTTGCTGGGGGACTCGGCCCTCTATCTCTGTGCCAGCACTCCCGGGACAGGGGCCTACAATGAGCAGTTCTTCGGGCCAGGGACACGGCTGACCGTACTGGGTAAG			T				TRB	TRBV5-6*00	TRBD1*00		TRBJ2-1*00						TGTGCCAGCACTCCCGGGACAGGGGCCTACAATGAGCAGTTCTTC	CASTPGTGAYNEQFF																					891				70								198																																																																		45	15																		5efbc70e5f94cb6215deec8c	5efbc70e5f94cb6215deec8c	5efbc70e5f94cb6215deec8c		
